{"stats":{"minecraft:mined":{"minecraft:furnace":3,"minecraft:birch_log":25,"minecraft:birch_leaves":1,"minecraft:crafting_table":4,"minecraft:short_grass":5,"minecraft:coal_ore":16,"minecraft:grass_block":2,"minecraft:oak_log":44,"minecraft:stone":94,"minecraft:sugar_cane":1,"minecraft:oak_leaves":3,"minecraft:fern":1},"minecraft:custom":{"minecraft:time_since_rest":44272,"minecraft:interact_with_furnace":19,"minecraft:sprint_one_cm":120385,"minecraft:damage_taken":160,"minecraft:walk_one_cm":76331,"minecraft:mob_kills":33,"minecraft:drop":1,"minecraft:damage_dealt":3252,"minecraft:swim_one_cm":1851,"minecraft:interact_with_crafting_table":12,"minecraft:fly_one_cm":151287,"minecraft:crouch_one_cm":2177,"minecraft:play_time":44272,"minecraft:sneak_time":818,"minecraft:walk_under_water_one_cm":179,"minecraft:jump":714,"minecraft:leave_game":9,"minecraft:time_since_death":44272,"minecraft:total_world_time":44272,"minecraft:walk_on_water_one_cm":1522,"minecraft:fall_one_cm":15609,"minecraft:climb_one_cm":204},"minecraft:dropped":{"minecraft:oak_planks":1},"minecraft:crafted":{"minecraft:cooked_beef":9,"minecraft:oak_planks":104,"minecraft:crafting_table":3,"minecraft:stick":16,"minecraft:wooden_pickaxe":2,"minecraft:stone_pickaxe":2,"minecraft:stone_sword":1,"minecraft:furnace":4,"minecraft:birch_planks":100,"minecraft:stone_axe":2,"minecraft:cooked_mutton":21,"minecraft:air":0},"minecraft:picked_up":{"minecraft:birch_log":25,"minecraft:stick":6,"minecraft:crafting_table":4,"minecraft:leather":5,"minecraft:oak_log":44,"minecraft:dirt":2,"minecraft:rotten_flesh":5,"minecraft:apple":2,"minecraft:wheat_seeds":2,"minecraft:beef":9,"minecraft:coal":17,"minecraft:light_gray_wool":1,"minecraft:mutton":37,"minecraft:oak_sapling":6,"minecraft:black_wool":2,"minecraft:sugar_cane":4,"minecraft:birch_sapling":1,"minecraft:oak_planks":15,"minecraft:white_wool":21,"minecraft:cobblestone":93,"minecraft:furnace":3},"minecraft:killed":{"minecraft:sheep":24,"minecraft:zombie":5,"minecraft:cow":4},"minecraft:used":{"minecraft:cooked_mutton":4,"minecraft:stone_sword":41,"minecraft:apple":2,"minecraft:birch_planks":3,"minecraft:stone_pickaxe":108,"minecraft:wooden_pickaxe":6,"minecraft:stone_axe":89,"minecraft:crafting_table":6,"minecraft:furnace":4,"minecraft:cooked_beef":1}},"DataVersion":3953}