{"stats":{"minecraft:mined":{"minecraft:furnace":1,"minecraft:birch_log":5,"minecraft:birch_leaves":1,"minecraft:crafting_table":2,"minecraft:short_grass":3,"minecraft:oak_log":26,"minecraft:sugar_cane":1,"minecraft:stone":30,"minecraft:oak_leaves":3,"minecraft:fern":1},"minecraft:used":{"minecraft:cooked_mutton":1,"minecraft:stone_sword":41,"minecraft:birch_planks":3,"minecraft:stone_pickaxe":28,"minecraft:wooden_pickaxe":3,"minecraft:stone_axe":38,"minecraft:crafting_table":3,"minecraft:furnace":2,"minecraft:cooked_beef":1},"minecraft:custom":{"minecraft:time_since_rest":9706,"minecraft:interact_with_furnace":13,"minecraft:sprint_one_cm":33947,"minecraft:damage_taken":85,"minecraft:walk_one_cm":19672,"minecraft:mob_kills":21,"minecraft:damage_dealt":2270,"minecraft:swim_one_cm":427,"minecraft:interact_with_crafting_table":4,"minecraft:fly_one_cm":59449,"minecraft:crouch_one_cm":233,"minecraft:play_time":9706,"minecraft:sneak_time":198,"minecraft:walk_under_water_one_cm":58,"minecraft:jump":260,"minecraft:leave_game":3,"minecraft:time_since_death":9706,"minecraft:walk_on_water_one_cm":1404,"minecraft:total_world_time":9706,"minecraft:climb_one_cm":204,"minecraft:fall_one_cm":5910},"minecraft:crafted":{"minecraft:cooked_beef":9,"minecraft:oak_planks":104,"minecraft:crafting_table":1,"minecraft:stick":8,"minecraft:wooden_pickaxe":1,"minecraft:stone_pickaxe":1,"minecraft:stone_sword":1,"minecraft:furnace":2,"minecraft:birch_planks":20,"minecraft:stone_axe":1,"minecraft:cooked_mutton":11,"minecraft:air":0},"minecraft:picked_up":{"minecraft:birch_log":5,"minecraft:crafting_table":2,"minecraft:leather":5,"minecraft:oak_log":26,"minecraft:rotten_flesh":5,"minecraft:wheat_seeds":2,"minecraft:beef":9,"minecraft:oak_planks":14,"minecraft:light_gray_wool":1,"minecraft:oak_sapling":1,"minecraft:sugar_cane":4,"minecraft:black_wool":2,"minecraft:mutton":21,"minecraft:white_wool":11,"minecraft:cobblestone":30,"minecraft:furnace":1},"minecraft:killed":{"minecraft:sheep":14,"minecraft:zombie":3,"minecraft:cow":4}},"DataVersion":3953}