{"stats":{"minecraft:mined":{"minecraft:iron_ore":1,"minecraft:birch_leaves":1,"minecraft:crafting_table":3,"minecraft:short_grass":54,"minecraft:oak_log":13,"minecraft:melon":7,"minecraft:vine":1,"minecraft:chest":1,"minecraft:stone":19,"minecraft:oak_planks":10,"minecraft:oak_leaves":9,"minecraft:fern":15},"minecraft:custom":{"minecraft:time_since_rest":31240,"minecraft:sprint_one_cm":42896,"minecraft:damage_taken":122,"minecraft:walk_one_cm":169317,"minecraft:mob_kills":38,"minecraft:damage_dealt":3020,"minecraft:swim_one_cm":6326,"minecraft:interact_with_crafting_table":4,"minecraft:fly_one_cm":34547,"minecraft:open_chest":2,"minecraft:crouch_one_cm":828,"minecraft:play_time":31240,"minecraft:sneak_time":274,"minecraft:walk_under_water_one_cm":183,"minecraft:jump":447,"minecraft:leave_game":4,"minecraft:time_since_death":31240,"minecraft:walk_on_water_one_cm":973,"minecraft:total_world_time":31240,"minecraft:climb_one_cm":1195,"minecraft:fall_one_cm":6217},"minecraft:crafted":{"minecraft:oak_planks":20,"minecraft:crafting_table":1,"minecraft:stick":4,"minecraft:wooden_pickaxe":1,"minecraft:stone_pickaxe":1,"minecraft:stone_axe":1},"minecraft:picked_up":{"minecraft:raw_iron":1,"minecraft:stick":5,"minecraft:crafting_table":3,"minecraft:feather":12,"minecraft:chicken":15,"minecraft:oak_log":13,"minecraft:dirt":16,"minecraft:rotten_flesh":6,"minecraft:wheat_seeds":7,"minecraft:gray_wool":2,"minecraft:mutton":31,"minecraft:light_gray_wool":5,"minecraft:black_wool":1,"minecraft:oak_sapling":10,"minecraft:melon_slice":35,"minecraft:chest":1,"minecraft:birch_sapling":3,"minecraft:oak_planks":10,"minecraft:white_wool":11,"minecraft:cobblestone":19,"minecraft:egg":8},"minecraft:killed":{"minecraft:sheep":19,"minecraft:zombie":4,"minecraft:chicken":15},"minecraft:used":{"minecraft:oak_log":4,"minecraft:melon_slice":4,"minecraft:stone_pickaxe":14,"minecraft:oak_planks":10,"minecraft:wooden_pickaxe":6,"minecraft:rotten_flesh":3,"minecraft:stone_axe":72,"minecraft:crafting_table":3,"minecraft:egg":8}},"DataVersion":3953}