{"stats":{"minecraft:used":{"minecraft:oak_log":4,"minecraft:crafting_table":1,"minecraft:oak_planks":10,"minecraft:wooden_pickaxe":3},"minecraft:picked_up":{"minecraft:crafting_table":1,"minecraft:wheat_seeds":1,"minecraft:oak_log":9,"minecraft:oak_sapling":3,"minecraft:oak_planks":8,"minecraft:cobblestone":3},"minecraft:crafted":{"minecraft:oak_planks":20,"minecraft:crafting_table":1,"minecraft:stick":4,"minecraft:wooden_pickaxe":1},"minecraft:mined":{"minecraft:short_grass":3,"minecraft:oak_log":9,"minecraft:stone":3,"minecraft:birch_leaves":1,"minecraft:oak_planks":8,"minecraft:oak_leaves":6,"minecraft:crafting_table":1},"minecraft:custom":{"minecraft:time_since_rest":12895,"minecraft:crouch_one_cm":742,"minecraft:play_time":12895,"minecraft:sprint_one_cm":3361,"minecraft:walk_one_cm":42783,"minecraft:sneak_time":261,"minecraft:jump":84,"minecraft:time_since_death":12895,"minecraft:total_world_time":12895,"minecraft:interact_with_crafting_table":1,"minecraft:fall_one_cm":1283,"minecraft:fly_one_cm":2369}},"DataVersion":3953}