{"stats":{"minecraft:mined":{"minecraft:coal_ore":33,"minecraft:oak_log":12,"minecraft:stone":37,"minecraft:crafting_table":1,"minecraft:oak_leaves":12},"minecraft:custom":{"minecraft:time_since_rest":9435,"minecraft:crouch_one_cm":738,"minecraft:play_time":9435,"minecraft:sprint_one_cm":22622,"minecraft:damage_taken":30,"minecraft:walk_one_cm":33978,"minecraft:sneak_time":217,"minecraft:mob_kills":15,"minecraft:jump":102,"minecraft:damage_dealt":600,"minecraft:leave_game":1,"minecraft:time_since_death":9435,"minecraft:total_world_time":9435,"minecraft:interact_with_crafting_table":3,"minecraft:fall_one_cm":2036,"minecraft:fly_one_cm":13659},"minecraft:crafted":{"minecraft:oak_planks":16,"minecraft:stone_axe":1,"minecraft:crafting_table":1,"minecraft:stick":8,"minecraft:wooden_pickaxe":1,"minecraft:stone_pickaxe":1},"minecraft:picked_up":{"minecraft:feather":17,"minecraft:crafting_table":1,"minecraft:chicken":15,"minecraft:apple":1,"minecraft:oak_log":12,"minecraft:coal":33,"minecraft:cobblestone":37,"minecraft:egg":7},"minecraft:killed":{"minecraft:chicken":15},"minecraft:used":{"minecraft:stone_axe":24,"minecraft:apple":1,"minecraft:crafting_table":1,"minecraft:stone_pickaxe":55,"minecraft:egg":7,"minecraft:wooden_pickaxe":15}},"DataVersion":3953}